time,x_value,y_value,z_value
2023-10-18 01:58:55.092338,-1.8783297538757324,1.564126968383789,-0.3842320442199707
2023-10-18 01:58:55.192940,-3.2928171157836914,-2.5446901321411133,0.12934613227844238
2023-10-18 01:58:55.293542,1.5621848106384277,-3.5492043495178223,-0.2396717071533203
2023-10-18 01:58:55.394145,2.5869522094726562,-3.4554576873779297,-2.192403554916382
2023-10-18 01:58:55.494747,2.4025168418884277,0.5986051559448242,-1.884037733078003
2023-10-18 01:58:55.595349,2.815156936645508,1.2933411598205566,-1.0355280637741089
2023-10-18 01:58:55.695952,0.758021354675293,-0.3216819763183594,2.8584184646606445
2023-10-18 01:58:55.796554,-5.244812965393066,2.6803340911865234,1.727262020111084
2023-10-18 01:58:55.897156,-2.1803994178771973,-2.6241273880004883,1.024965763092041
2023-10-18 01:58:55.997758,5.034530162811279,-1.1282424926757812,-2.260469913482666
2023-10-18 01:58:56.098360,1.6692299842834473,-1.6225357055664062,-1.0402380228042603
2023-10-18 01:58:56.198962,-0.5634536743164062,0.5164251327514648,1.329681634902954
2023-10-18 01:58:56.299565,-1.9374942779541016,2.154376983642578,1.1273772716522217
2023-10-18 01:58:56.400167,-2.1756420135498047,1.2865009307861328,1.5804646015167236
2023-10-18 01:58:56.500769,-2.2907204627990723,1.8995342254638672,0.29865825176239014
2023-10-18 01:58:56.601371,-2.618716239929199,-0.8641839027404785,-0.3572768270969391
2023-10-18 01:58:56.701973,-0.2886967658996582,-3.7051424980163574,0.4571669101715088
2023-10-18 01:58:56.802575,3.1149702072143555,-5.129215717315674,-2.226679563522339
2023-10-18 01:58:56.903177,2.3328022956848145,0.7024135589599609,-1.9546548128128052
2023-10-18 01:58:57.003779,2.630845546722412,2.0117859840393066,-1.214545726776123
2023-10-18 01:58:57.104381,1.6877946853637695,-0.25337791442871094,2.320626974105835
2023-10-18 01:58:57.204983,-7.038714408874512,2.9146695137023926,2.5768027305603027
2023-10-18 01:58:57.305586,0.09243297576904297,-3.666919708251953,0.08004219830036163
2023-10-18 01:58:57.406188,4.118666648864746,-0.8591432571411133,-1.340545892715454
2023-10-18 01:58:57.506790,1.0309033393859863,-0.8142814636230469,0.1554272174835205
2023-10-18 01:58:57.607393,-1.0887913703918457,1.0478191375732422,0.328957200050354
2023-10-18 01:58:57.707995,-1.9712014198303223,2.0410709381103516,0.9144927263259888
2023-10-18 01:58:57.808597,-1.7871804237365723,1.345088005065918,1.2682164907455444
2023-10-18 01:58:57.909200,-2.156139850616455,1.3298468589782715,-0.49713432788848877
2023-10-18 01:58:58.009802,-2.8554959297180176,-2.2405576705932617,0.2382383942604065
2023-10-18 01:58:58.110404,0.9182977676391602,-2.858853340148926,-0.48323822021484375
2023-10-18 01:58:58.211006,2.820708751678467,-4.179100036621094,-2.123516082763672
2023-10-18 01:58:58.311608,2.180360794067383,1.5241007804870605,-1.9298498630523682
2023-10-18 01:58:58.412210,3.686673641204834,1.3748865127563477,-0.9737527966499329
2023-10-18 01:58:58.512813,-2.1288204193115234,-0.07177400588989258,3.3343758583068848
2023-10-18 01:58:58.613414,-4.265898704528809,2.309689521789551,0.6823890209197998
2023-10-18 01:58:58.714016,0.3246273994445801,-3.5910000801086426,0.8195819854736328
2023-10-18 01:58:58.814619,3.7886462211608887,-0.8504428863525391,-0.9384079575538635
2023-10-18 01:58:58.915221,1.4298782348632812,-0.3401803970336914,0.027388811111450195
2023-10-18 01:58:59.015823,-1.7516956329345703,1.115793228149414,0.09301042556762695
2023-10-18 01:58:59.116425,-2.246126174926758,2.127408981323242,0.8636125326156616
2023-10-18 01:58:59.217027,-1.4222302436828613,1.0120997428894043,1.7082146406173706
2023-10-18 01:58:59.317629,-2.794321060180664,1.3882579803466797,-0.3426097631454468
2023-10-18 01:58:59.418231,-3.1873278617858887,-1.7722764015197754,0.21251189708709717
2023-10-18 01:58:59.518834,1.0903143882751465,-3.211012840270996,-1.594407081604004
2023-10-18 01:58:59.619436,3.254596710205078,-4.314704418182373,-1.9738855361938477
2023-10-18 01:58:59.720038,2.3895435333251953,1.5642375946044922,-2.083725690841675
2023-10-18 01:58:59.820641,2.6916584968566895,1.499549388885498,-1.2195160388946533
2023-10-18 01:58:59.921243,-1.5830554962158203,-0.39812326431274414,3.115128517150879
2023-10-18 01:59:00.021846,-2.767550468444824,1.4779019355773926,-0.3220810890197754
2023-10-18 01:59:00.122447,-0.26758861541748047,-2.8456969261169434,1.6188228130340576
2023-10-18 01:59:00.223050,3.6639373302459717,-1.3660473823547363,-0.8979467153549194
2023-10-18 01:59:00.323652,1.0677671432495117,-0.15964603424072266,0.023352503776550293
2023-10-18 01:59:00.424254,-0.4476900100708008,0.2356557846069336,-0.34478890895843506
2023-10-18 01:59:00.524856,-1.0562376976013184,0.9034714698791504,-0.9644697904586792
2023-10-18 01:59:00.625458,0.44919586181640625,-0.16197490692138672,-0.2809646725654602
2023-10-18 01:59:00.726060,-0.032968997955322266,-0.09320640563964844,1.174460530281067
2023-10-18 01:59:00.826662,-0.5805778503417969,0.21840667724609375,-0.538952648639679
2023-10-18 01:59:00.927264,0.3743314743041992,-1.0989570617675781,0.5969152450561523
2023-10-18 01:59:01.027866,0.1734938621520996,-1.0012521743774414,-0.43635863065719604
2023-10-18 01:59:01.128469,0.5555019378662109,-0.27728748321533203,-0.0967416763305664
2023-10-18 01:59:01.229071,-0.12885570526123047,-0.3957977294921875,-0.18022584915161133
2023-10-18 01:59:01.329673,-0.04550933837890625,-0.18096637725830078,-0.49186965823173523
2023-10-18 01:59:01.430275,-0.5602197647094727,0.054373741149902344,0.3236546218395233
2023-10-18 01:59:01.530877,-0.8228616714477539,1.1296334266662598,0.5620993375778198
2023-10-18 01:59:01.631480,-0.2778019905090332,0.9552001953125,0.4653095602989197
2023-10-18 01:59:01.732082,-0.6504883766174316,0.21474647521972656,0.3193473815917969
2023-10-18 01:59:01.832684,-1.2001543045043945,0.28406524658203125,2.041076183319092
2023-10-18 01:59:01.933287,-1.477428674697876,-0.038107872009277344,2.401127815246582
2023-10-18 01:59:02.033889,-2.2782387733459473,-0.04818916320800781,3.123307704925537
2023-10-18 01:59:02.134491,-2.188903331756592,-0.9468278884887695,-0.3059869110584259
2023-10-18 01:59:02.235094,-2.914426326751709,-0.43274784088134766,0.8622186183929443
2023-10-18 01:59:02.335696,-4.341165542602539,-2.0530433654785156,-1.3747339248657227
2023-10-18 01:59:02.436298,-3.8328001499176025,-3.5807809829711914,-5.43227481842041
2023-10-18 01:59:02.536900,-2.6442301273345947,-4.762279987335205,-3.047557830810547
2023-10-18 01:59:02.637502,-0.09510087966918945,-5.169373035430908,-2.663748264312744
2023-10-18 01:59:02.738104,0.5347598791122437,-5.8991899490356445,-0.5202436447143555
2023-10-18 01:59:02.838706,1.4857327938079834,-5.279850959777832,-0.5578947067260742
2023-10-18 01:59:02.939308,1.258151650428772,-2.415693521499634,-1.9341425895690918
2023-10-18 01:59:03.039910,0.85097336769104,-1.1669232845306396,-1.329972267150879
2023-10-18 01:59:03.140512,1.2387477159500122,0.006667613983154297,-0.6725912094116211
2023-10-18 01:59:03.241114,-0.743556022644043,1.6785054206848145,-0.18915271759033203
2023-10-18 01:59:03.341717,-0.7754231095314026,-0.07080078125,0.5726737976074219
2023-10-18 01:59:03.442319,0.4521632194519043,-0.3106565475463867,4.205093860626221
2023-10-18 01:59:03.542921,1.7226940393447876,-0.9529151916503906,3.76788592338562
2023-10-18 01:59:03.643523,2.630141019821167,-1.8616037368774414,4.241890907287598
2023-10-18 01:59:03.744125,1.2228434085845947,-2.538820743560791,2.481635093688965
2023-10-18 01:59:03.844728,0.6725001335144043,-1.9238553047180176,1.3545658588409424
2023-10-18 01:59:03.945330,0.23865318298339844,-1.8357234001159668,1.1383757591247559
2023-10-18 01:59:04.045932,-1.5262417793273926,-2.247741222381592,-1.2240855693817139
2023-10-18 01:59:04.146535,-0.8511381149291992,-1.7799510955810547,0.010256528854370117
2023-10-18 01:59:04.247137,-0.2557501792907715,-0.657534122467041,-0.15152978897094727
2023-10-18 01:59:04.347739,-0.39560937881469727,-1.0919928550720215,0.07172060012817383
2023-10-18 01:59:04.448342,-1.2459897994995117,-1.0290918350219727,0.5978102684020996
2023-10-18 01:59:04.548943,-0.5194826126098633,-0.7095956802368164,0.8739814758300781
2023-10-18 01:59:04.649545,-1.2257094383239746,-0.745511531829834,0.3862028121948242
2023-10-18 01:59:04.750148,-1.6621856689453125,-0.8348536491394043,-1.2533626556396484
2023-10-18 01:59:04.850750,-0.0066509246826171875,-0.8750472068786621,-1.0770008563995361
2023-10-18 01:59:04.951352,0.43102121353149414,-0.6607451438903809,-0.19166088104248047
2023-10-18 01:59:05.051954,0.5164499282836914,-0.8105182647705078,-0.15164899826049805
2023-10-18 01:59:05.152556,-0.7989034652709961,-1.1735873222351074,-0.46620678901672363
2023-10-18 01:59:05.253158,-1.1193232536315918,-1.402968406677246,-0.7984206676483154
2023-10-18 01:59:05.353760,-0.9724512100219727,-1.9282646179199219,-1.5661866664886475
2023-10-18 01:59:05.454362,-1.518226146697998,-2.215486526489258,-0.3906362056732178
2023-10-18 01:59:05.554964,-0.11389684677124023,-0.9998035430908203,-0.28418803215026855
2023-10-18 01:59:05.655566,-3.557358741760254,-3.27730655670166,-3.1294398307800293
2023-10-18 01:59:05.756168,-4.611606597900391,-4.467745304107666,-2.2133939266204834
2023-10-18 01:59:05.856771,-5.068955898284912,-4.4571146965026855,-3.6432816982269287
2023-10-18 01:59:05.957373,-0.7710754871368408,-3.573367118835449,-3.188096284866333
2023-10-18 01:59:06.057975,0.33861303329467773,-1.3588080406188965,0.3780946731567383
2023-10-18 01:59:06.158578,0.7895078659057617,-0.34688329696655273,2.6364173889160156
2023-10-18 01:59:06.259180,0.8937726020812988,-0.008371353149414062,3.106698989868164
2023-10-18 01:59:06.359782,0.5030149221420288,1.0081431865692139,3.2791128158569336
2023-10-18 01:59:06.460385,0.45695197582244873,1.3681459426879883,2.3776121139526367
2023-10-18 01:59:06.560987,-0.8581777811050415,0.3432016372680664,1.5381889343261719
2023-10-18 01:59:06.661589,1.1843376159667969,1.4336925745010376,-3.1202735900878906
2023-10-18 01:59:06.762191,2.4290595054626465,0.366537868976593,-1.4664316177368164
2023-10-18 01:59:06.862793,2.6578521728515625,-1.0874733924865723,2.3627424240112305
2023-10-18 01:59:06.963395,1.5710396766662598,-0.34539973735809326,1.5715246200561523
2023-10-18 01:59:07.063998,0.6025547981262207,-0.6916148662567139,1.8456029891967773
2023-10-18 01:59:07.164600,0.5884594917297363,-1.716555118560791,1.7751445770263672
2023-10-18 01:59:07.265202,1.2783217430114746,-1.5897104740142822,1.155726432800293
2023-10-18 01:59:07.365804,2.9174938201904297,-1.4746289253234863,1.3612756729125977
2023-10-18 01:59:07.466406,1.9457292556762695,0.5777826309204102,0.48473167419433594
2023-10-18 01:59:07.567008,-0.8023452758789062,1.6923305988311768,-0.4111645221710205
2023-10-18 01:59:07.667610,-2.5090713500976562,2.395404577255249,1.047563076019287
2023-10-18 01:59:07.768212,-2.835139274597168,1.5650556087493896,0.6454013586044312
2023-10-18 01:59:07.868814,-0.3634786605834961,0.6759223937988281,2.341367721557617
2023-10-18 01:59:07.969417,-1.8446807861328125,0.16620397567749023,2.1699795722961426
2023-10-18 01:59:08.070019,-1.6065969467163086,-0.4292585849761963,1.178270936012268
2023-10-18 01:59:08.170621,-2.3406639099121094,-0.20101070404052734,-0.42063161730766296
2023-10-18 01:59:08.271224,0.3148527145385742,-1.0114030838012695,0.7745018005371094
2023-10-18 01:59:08.371826,1.9253435134887695,-1.718689203262329,-1.0430480241775513
2023-10-18 01:59:08.472429,1.368514060974121,-0.25810861587524414,-0.0883696973323822
2023-10-18 01:59:08.573031,-1.1339473724365234,0.34351444244384766,-0.11164328455924988
2023-10-18 01:59:08.673633,-0.8079771995544434,1.7762212753295898,-1.3364295959472656
2023-10-18 01:59:08.774235,-0.9072656631469727,0.8228411674499512,0.1826283037662506
2023-10-18 01:59:08.874837,-1.181856632232666,1.3120861053466797,-0.19356700778007507
2023-10-18 01:59:08.975439,-3.157290458679199,-0.8483819961547852,-0.7890045642852783
2023-10-18 01:59:09.076041,-1.2316408157348633,0.3355579376220703,0.46750688552856445
2023-10-18 01:59:09.176643,-2.560744285583496,-0.029061317443847656,-0.3652670085430145
2023-10-18 01:59:09.277245,-0.932960033416748,-0.9592180252075195,-1.0756754875183105
2023-10-18 01:59:09.377848,-0.6952629089355469,-1.356039047241211,1.7235033512115479
2023-10-18 01:59:09.478450,0.12023353576660156,-0.7978334426879883,-0.8261338472366333
2023-10-18 01:59:09.579052,1.0249080657958984,-2.6762475967407227,-1.2229632139205933
2023-10-18 01:59:09.679654,0.3547501564025879,0.5335917472839355,-0.6661839485168457
2023-10-18 01:59:09.780256,-0.2729928493499756,1.2190561294555664,-1.012905478477478
2023-10-18 01:59:09.880858,-0.3220834732055664,0.6912069320678711,0.5527960062026978
2023-10-18 01:59:09.981460,0.5430736541748047,1.0746383666992188,1.3173272609710693
2023-10-18 01:59:10.082062,-1.8898673057556152,-1.951272964477539,2.0068838596343994
2023-10-18 01:59:10.182665,-2.0404062271118164,-1.8709354400634766,1.246795892715454
2023-10-18 01:59:10.283267,2.3234055042266846,1.770604133605957,-1.461873173713684
2023-10-18 01:59:10.383870,-0.0638725757598877,-1.9226484298706055,-0.6723781824111938
2023-10-18 01:59:10.484472,0.32376348972320557,-0.015485763549804688,-0.2493082880973816
2023-10-18 01:59:10.585074,-1.5253480672836304,0.3940439224243164,-0.0861673355102539
2023-10-18 01:59:10.685677,-1.2771151065826416,0.3544931411743164,0.9344947934150696
2023-10-18 01:59:10.786279,-1.948014736175537,0.22553253173828125,0.4639427661895752
2023-10-18 01:59:10.886881,-2.4241104125976562,-0.08484840393066406,0.049424052238464355
2023-10-18 01:59:10.987483,-1.3252451419830322,-2.658114433288574,0.18947459757328033
2023-10-18 01:59:11.088085,1.340543508529663,-1.806509017944336,0.47897613048553467
2023-10-18 01:59:11.188687,2.991877317428589,-2.2973318099975586,-2.982844114303589
2023-10-18 01:59:11.289289,2.586355209350586,-0.15006351470947266,-1.1596369743347168
2023-10-18 01:59:11.389891,1.4857532978057861,1.2728958129882812,-1.2274270057678223
2023-10-18 01:59:11.490493,2.1086058616638184,1.8872804641723633,-0.7835693955421448
2023-10-18 01:59:11.591095,-3.7287817001342773,-1.2646903991699219,3.752760887145996
2023-10-18 01:59:11.691697,-1.7280147075653076,-1.5583667755126953,0.0918654203414917
2023-10-18 01:59:11.792300,2.2180230617523193,-0.9648017883300781,-0.16970878839492798
2023-10-18 01:59:11.892902,1.881613850593567,-0.027467727661132812,-1.5252680778503418
2023-10-18 01:59:11.993504,0.25672876834869385,0.025854110717773438,-0.13488000631332397
2023-10-18 01:59:12.094106,-1.7625378370285034,0.45651721954345703,0.5598912835121155
2023-10-18 01:59:12.194709,-2.274967670440674,0.5418272018432617,0.5915297865867615
2023-10-18 01:59:12.295311,-1.8007534742355347,0.03914642333984375,1.2579047679901123
2023-10-18 01:59:12.395913,-2.567732334136963,-0.052776336669921875,-0.19439423084259033
2023-10-18 01:59:12.496516,-0.7458021640777588,-3.23394775390625,0.5605700612068176
2023-10-18 01:59:12.597118,1.9068336486816406,-1.7569246292114258,-1.090193510055542
2023-10-18 01:59:12.697720,3.4030706882476807,-2.6569957733154297,-1.997791051864624
2023-10-18 01:59:12.798322,1.5235135555267334,1.609128475189209,-2.215602397918701
2023-10-18 01:59:12.898925,2.9575562477111816,2.6403708457946777,-0.850898802280426
2023-10-18 01:59:12.999527,-0.5542247295379639,-0.9826736450195312,2.406912326812744
2023-10-18 01:59:13.100129,-4.762203216552734,0.25664615631103516,1.8414515256881714
2023-10-18 01:59:13.200731,0.2709507942199707,-3.4227609634399414,0.6380369663238525
2023-10-18 01:59:13.301333,3.2000820636749268,1.4492263793945312,-1.5016001462936401
2023-10-18 01:59:13.401935,1.8090102672576904,-0.4438438415527344,-1.271579384803772
2023-10-18 01:59:13.502537,0.24467384815216064,-0.6126317977905273,-0.00859743356704712
2023-10-18 01:59:13.603139,-2.153292655944824,0.3229532241821289,0.4775623679161072
2023-10-18 01:59:13.703741,-1.347357153892517,0.44677162170410156,0.6954088807106018
2023-10-18 01:59:13.804343,-2.238003730773926,0.5702915191650391,0.09066581726074219
2023-10-18 01:59:13.904945,-2.313307762145996,-0.9762592315673828,0.15237808227539062
2023-10-18 01:59:14.005548,-0.9460933208465576,-2.313526153564453,0.6562628746032715
2023-10-18 01:59:14.106150,2.718205451965332,-2.2696285247802734,-0.9171068072319031
2023-10-18 01:59:14.206752,4.711519241333008,-1.9677953720092773,-0.9774742126464844
2023-10-18 01:59:14.307354,0.13547134399414062,2.1179299354553223,-2.128239393234253
2023-10-18 01:59:14.407957,4.566579341888428,2.5349621772766113,-0.4031054973602295
2023-10-18 01:59:14.508559,-3.4630606174468994,-2.568666458129883,4.65635871887207
2023-10-18 01:59:14.609162,-2.252488613128662,1.0882434844970703,-0.525559663772583
2023-10-18 01:59:14.709764,-1.3996226787567139,-2.127995491027832,0.6383532881736755
2023-10-18 01:59:14.810366,3.302553415298462,0.6386470794677734,-1.3281290531158447
2023-10-18 01:59:14.910968,1.219186544418335,0.02431011199951172,-0.7679294347763062
2023-10-18 01:59:15.011570,0.14375948905944824,-0.2704038619995117,0.7133232355117798
2023-10-18 01:59:15.112173,-1.3393572568893433,0.40201473236083984,-0.6086896061897278
2023-10-18 01:59:15.212775,-0.3771703243255615,0.1422872543334961,0.12101012468338013
2023-10-18 01:59:15.313377,-1.8742046356201172,0.1452035903930664,-0.06893950700759888
2023-10-18 01:59:15.413979,-0.8852730989456177,-0.08712291717529297,-0.7084773778915405
2023-10-18 01:59:15.514581,1.1658573150634766,-2.4228038787841797,1.976571798324585
2023-10-18 01:59:15.615183,2.498934030532837,0.663330078125,-0.4521999955177307
2023-10-18 01:59:15.715785,2.6009597778320312,-1.0126953125,-1.4525158405303955
2023-10-18 01:59:15.816387,2.372878313064575,-0.32525157928466797,-0.11076951026916504
2023-10-18 01:59:15.916990,-0.3794975280761719,0.8189935684204102,-0.27711713314056396
2023-10-18 01:59:16.017592,0.8042874932289124,0.9011917114257812,0.10247910022735596
2023-10-18 01:59:16.118194,-2.870830535888672,-0.3938255310058594,0.22107791900634766
2023-10-18 01:59:16.218797,-3.2372021675109863,0.19361114501953125,3.091078996658325
2023-10-18 01:59:16.319399,1.398578405380249,-0.3846445083618164,-0.4133070111274719
2023-10-18 01:59:16.420001,0.860842227935791,0.051680564880371094,0.5327024459838867
2023-10-18 01:59:16.520604,0.9835166335105896,-0.32907867431640625,1.4093375205993652
2023-10-18 01:59:16.621206,-0.2565579414367676,0.253387451171875,-0.3356873393058777
2023-10-18 01:59:16.721808,0.01910090446472168,-0.22401142120361328,-0.6665207743644714
2023-10-18 01:59:16.822411,-0.12374424934387207,-0.007466316223144531,-0.4652198553085327
2023-10-18 01:59:16.923013,-0.8031469583511353,0.0814666748046875,0.6261908411979675
2023-10-18 01:59:17.023616,-2.4037718772888184,0.3891181945800781,-0.04366588592529297
2023-10-18 01:59:17.124218,-0.809172511100769,0.1865978240966797,0.6939079761505127
2023-10-18 01:59:17.224820,-2.0990171432495117,0.2917203903198242,0.47252923250198364
2023-10-18 01:59:17.325423,-0.39133381843566895,-0.6413164138793945,0.1732879877090454
2023-10-18 01:59:17.426025,2.5549871921539307,-3.135974884033203,2.510042190551758
2023-10-18 01:59:17.526628,2.6805641651153564,-0.6257839202880859,-0.8787530660629272
2023-10-18 01:59:17.627230,0.8891115188598633,1.1787853240966797,-1.4132722616195679
2023-10-18 01:59:17.727833,0.1233363151550293,2.0740208625793457,0.0727384090423584
2023-10-18 01:59:17.828436,-0.4519948959350586,0.7785148620605469,2.151960849761963
2023-10-18 01:59:17.929038,-5.050960063934326,-0.13214397430419922,2.250105619430542
2023-10-18 01:59:18.029641,-1.8181638717651367,-1.3938837051391602,1.169647455215454
2023-10-18 01:59:18.130244,3.461918830871582,0.03502464294433594,-1.1494337320327759
2023-10-18 01:59:18.230846,0.9568185210227966,0.12959957122802734,-0.5652934908866882
2023-10-18 01:59:18.331449,-0.595012903213501,-0.0865030288696289,0.5313646793365479
2023-10-18 01:59:18.432051,-1.3227310180664062,0.6514730453491211,0.40285009145736694
2023-10-18 01:59:18.532653,-2.038956642150879,0.38695240020751953,0.7681885957717896
2023-10-18 01:59:18.633256,-2.430617094039917,0.2325115203857422,1.5255934000015259
2023-10-18 01:59:18.733858,-2.408167600631714,0.37378978729248047,0.0748140811920166
2023-10-18 01:59:18.834460,-1.1962332725524902,-3.1418581008911133,1.5315747261047363
2023-10-18 01:59:18.935063,1.3176615238189697,-2.2613019943237305,-1.4741978645324707
2023-10-18 01:59:19.035666,3.808218002319336,-2.141176223754883,-1.4929944276809692
2023-10-18 01:59:19.136268,1.223170280456543,2.449428081512451,-2.466540813446045
2023-10-18 01:59:19.236871,3.9201619625091553,3.0302534103393555,-1.0444228649139404
2023-10-18 01:59:19.337474,-2.596693277359009,-2.443950653076172,4.520349502563477
2023-10-18 01:59:19.438077,-3.501551628112793,0.8626823425292969,-0.5857374668121338
2023-10-18 01:59:19.538680,1.441935658454895,-2.867706298828125,0.957433819770813
2023-10-18 01:59:19.639283,3.0758581161499023,0.19548606872558594,-1.7637860774993896
2023-10-18 01:59:19.739885,1.1528263092041016,0.6965179443359375,-0.356290340423584
2023-10-18 01:59:19.840488,-1.7439435720443726,0.14788436889648438,1.3392877578735352
2023-10-18 01:59:19.941091,-2.743199586868286,0.917332649230957,1.0271673202514648
2023-10-18 01:59:20.041693,-1.7858381271362305,0.3329048156738281,1.0248873233795166
2023-10-18 01:59:20.142296,-2.3743014335632324,0.10776710510253906,0.3506561517715454
2023-10-18 01:59:20.242898,-1.7155625820159912,-2.8110599517822266,0.7919816374778748
2023-10-18 01:59:20.343501,1.0193204879760742,-2.0346412658691406,-1.0346064567565918
2023-10-18 01:59:20.444103,3.7468457221984863,-2.7573232650756836,-1.9134886264801025
2023-10-18 01:59:20.544706,1.6651474237442017,1.9102916717529297,-2.5834574699401855
2023-10-18 01:59:20.645309,3.5987629890441895,3.184049129486084,-1.170804500579834
2023-10-18 01:59:20.745911,-1.474656581878662,-1.1262598037719727,3.02023983001709
2023-10-18 01:59:20.846514,-4.525216102600098,0.0037527084350585938,0.2660143971443176
2023-10-18 01:59:20.947117,2.199528217315674,-2.7584733963012695,0.8496610522270203
2023-10-18 01:59:21.047720,2.5214431285858154,0.25767040252685547,-1.457971215248108
2023-10-18 01:59:21.148323,0.4997873306274414,0.5614709854125977,-0.40248507261276245
2023-10-18 01:59:21.248925,-1.5818957090377808,0.4111213684082031,1.0744646787643433
2023-10-18 01:59:21.349528,-2.4687345027923584,0.8304224014282227,1.4168341159820557
2023-10-18 01:59:21.450131,-1.571911096572876,0.714508056640625,0.562350869178772
2023-10-18 01:59:21.550734,-2.1615095138549805,-0.31549930572509766,-0.005892753601074219
2023-10-18 01:59:21.651337,-1.7900876998901367,-3.152113914489746,1.6850531101226807
2023-10-18 01:59:21.751940,1.8068575859069824,-3.0182361602783203,-1.3932379484176636
2023-10-18 01:59:21.852543,4.1061859130859375,-1.681182861328125,-2.2178800106048584
2023-10-18 01:59:21.953146,1.0801489353179932,2.894136428833008,-2.7518510818481445
2023-10-18 01:59:22.053749,4.195423603057861,3.2197790145874023,-1.211315393447876
2023-10-18 01:59:22.154351,-2.9010214805603027,-3.1927852630615234,5.150096416473389
2023-10-18 01:59:22.254954,-2.6150965690612793,0.36028099060058594,0.6682507991790771
2023-10-18 01:59:22.355557,0.30843448638916016,-1.812276840209961,0.558000922203064
2023-10-18 01:59:22.456160,3.534937620162964,0.5212593078613281,-1.5506784915924072
2023-10-18 01:59:22.556763,1.319474697113037,0.7023181915283203,-0.2983572483062744
2023-10-18 01:59:22.657366,-2.5652270317077637,0.19215965270996094,1.723105549812317
2023-10-18 01:59:22.757969,-2.7921319007873535,0.9606399536132812,0.24634718894958496
2023-10-18 01:59:22.858571,-1.6973083019256592,0.7969179153442383,0.6091967821121216
2023-10-18 01:59:22.959174,-2.2657761573791504,-1.084686279296875,0.7258251905441284
2023-10-18 01:59:23.059777,-2.24826717376709,-2.486414909362793,1.2325891256332397
2023-10-18 01:59:23.160380,3.148078203201294,-2.48311710357666,-3.015841484069824
2023-10-18 01:59:23.260983,3.90205717086792,-1.743546485900879,-1.418229103088379
2023-10-18 01:59:23.361586,1.2030917406082153,3.3496451377868652,-1.968314528465271
2023-10-18 01:59:23.462188,3.9715142250061035,3.0124216079711914,-0.6755256056785583
2023-10-18 01:59:23.562791,-5.177017688751221,-3.198139190673828,4.7781982421875
2023-10-18 01:59:23.663394,-1.0757267475128174,-1.0509567260742188,0.77906334400177
2023-10-18 01:59:23.763997,2.2025418281555176,0.08815860748291016,-1.3934502601623535
2023-10-18 01:59:23.864600,2.447965145111084,-0.36144065856933594,-1.745326280593872
2023-10-18 01:59:23.965203,-0.6314291954040527,0.5793848037719727,0.4899296760559082
2023-10-18 01:59:24.065806,-2.9937405586242676,0.8332014083862305,2.1275718212127686
2023-10-18 01:59:24.166409,-2.0922634601593018,0.6888999938964844,0.5812121629714966
2023-10-18 01:59:24.267012,-2.4337656497955322,0.5264835357666016,0.8999494910240173
2023-10-18 01:59:24.367615,-1.8973205089569092,-1.8864202499389648,-0.840679407119751
2023-10-18 01:59:24.468217,0.1355588436126709,-2.7539968490600586,1.7113803625106812
2023-10-18 01:59:24.568820,4.990694046020508,-3.7693185806274414,-3.0566611289978027
2023-10-18 01:59:24.669424,1.9806019067764282,1.2804756164550781,-1.8150684833526611
2023-10-18 01:59:24.770027,2.2718453407287598,3.426374912261963,-1.8144237995147705
2023-10-18 01:59:24.870630,1.6104315519332886,0.6961421966552734,2.4660120010375977
2023-10-18 01:59:24.971233,-6.1094970703125,-1.5264787673950195,2.521273612976074
2023-10-18 01:59:25.071836,-0.39979028701782227,-2.3285045623779297,0.24524736404418945
2023-10-18 01:59:25.172439,3.197262763977051,0.5652866363525391,-1.6368589401245117
2023-10-18 01:59:25.273042,1.6456217765808105,0.5742616653442383,-0.894657552242279
2023-10-18 01:59:25.373646,-0.6082770824432373,0.2174816131591797,0.8572719097137451
2023-10-18 01:59:25.474249,-2.668348789215088,0.5904045104980469,1.8697123527526855
2023-10-18 01:59:25.574852,-2.186038017272949,0.8553895950317383,0.8123209476470947
2023-10-18 01:59:25.675455,-2.6178700923919678,0.3947935104370117,0.7629163861274719
2023-10-18 01:59:25.776057,-1.5117919445037842,-3.302737236022949,0.6507887840270996
2023-10-18 01:59:25.876660,0.5352811813354492,-2.432000160217285,-0.6557415723800659
2023-10-18 01:59:25.977263,5.0716166496276855,-3.0682172775268555,-2.1904513835906982
2023-10-18 01:59:26.077866,1.2370539903640747,2.5470733642578125,-2.895063638687134
2023-10-18 01:59:26.178469,2.2779641151428223,3.320929527282715,-1.5536998510360718
2023-10-18 01:59:26.279072,-1.4988349676132202,-1.5604972839355469,4.184817790985107
2023-10-18 01:59:26.379675,-4.136229038238525,0.19408607482910156,0.9509052038192749
2023-10-18 01:59:26.480278,1.1170401573181152,-3.224000930786133,0.42903637886047363
2023-10-18 01:59:26.580881,3.966672897338867,1.2635116577148438,-1.833723545074463
2023-10-18 01:59:26.681484,1.2243564128875732,-0.22293567657470703,-1.3073408603668213
2023-10-18 01:59:26.782087,-0.7905889749526978,-0.2448272705078125,1.4264228343963623
2023-10-18 01:59:26.882691,-1.9146430492401123,1.9300899505615234,0.31791752576828003
2023-10-18 01:59:26.983294,-1.2261770963668823,-1.0826873779296875,1.058821439743042
2023-10-18 01:59:27.083897,-2.8020458221435547,1.0701894760131836,0.5266025066375732
2023-10-18 01:59:27.184500,-2.1782240867614746,-2.276181221008301,-0.2938987612724304
2023-10-18 01:59:27.285103,1.4569354057312012,-1.6660022735595703,0.3422560691833496
2023-10-18 01:59:27.385706,3.8502426147460938,-0.22712039947509766,-4.662858963012695
2023-10-18 01:59:27.486309,0.8423813581466675,0.5493440628051758,-1.6270420551300049
2023-10-18 01:59:27.586912,1.2421035766601562,1.284872055053711,-0.5652331113815308
2023-10-18 01:59:27.687515,-1.6568329334259033,-0.11237335205078125,0.42163634300231934
2023-10-18 01:59:27.788117,-1.1048686504364014,0.011182785034179688,1.9151637554168701
2023-10-18 01:59:27.888721,0.3278470039367676,-0.633122444152832,0.035173892974853516
2023-10-18 01:59:27.989323,0.3471318483352661,0.44319725036621094,-0.1797199249267578
2023-10-18 01:59:28.089926,1.759739875793457,0.7564620971679688,-0.03173470497131348
2023-10-18 01:59:28.190529,2.126636505126953,-0.4408750534057617,-0.6870368719100952
2023-10-18 01:59:28.291131,-1.7089686393737793,0.9485588073730469,-0.5194520950317383
2023-10-18 01:59:28.391735,-0.7261948585510254,0.2211160659790039,0.06553012132644653
2023-10-18 01:59:28.492337,1.5830721855163574,-1.8483209609985352,0.8457664847373962
2023-10-18 01:59:28.592940,2.1779935359954834,-2.320836067199707,-0.2213529348373413
2023-10-18 01:59:28.693543,2.6282153129577637,-1.0284805297851562,-2.386754035949707
2023-10-18 01:59:28.794146,1.847428798675537,0.05500507354736328,-1.8055392503738403
2023-10-18 01:59:28.894749,0.471635103225708,0.45888805389404297,0.20516037940979004
2023-10-18 01:59:28.995352,0.9771103858947754,-0.07654762268066406,-0.34811902046203613
2023-10-18 01:59:29.095955,1.1011853218078613,-0.19432353973388672,2.112527847290039
2023-10-18 01:59:29.196558,0.4524245262145996,-1.3186092376708984,3.247161388397217
2023-10-18 01:59:29.297160,0.12254953384399414,-2.0926856994628906,3.440793991088867
2023-10-18 01:59:29.397763,0.22906923294067383,0.7013702392578125,3.594144344329834
2023-10-18 01:59:29.498366,-3.415755271911621,0.5100240707397461,1.9130074977874756
2023-10-18 01:59:29.598969,-0.37738609313964844,0.2183971405029297,-5.430450439453125
2023-10-18 01:59:29.699572,-1.9510722160339355,0.2609257698059082,-6.926790237426758
2023-10-18 01:59:29.800175,-3.3148245811462402,-2.3873729705810547,-3.279529571533203
2023-10-18 01:59:29.900778,-4.789939880371094,-3.0336928367614746,-4.840508937835693
2023-10-18 01:59:30.001380,-2.6242804527282715,-4.891246318817139,-0.47846126556396484
2023-10-18 01:59:30.101983,-0.988351583480835,-3.3904976844787598,-0.4421405792236328
2023-10-18 01:59:30.202585,0.4279818534851074,-2.234719753265381,0.19541645050048828
2023-10-18 01:59:30.303188,0.03812825679779053,-1.6487667560577393,0.8371753692626953
2023-10-18 01:59:30.403791,-0.06235462427139282,-1.0298171043395996,-0.14763832092285156
2023-10-18 01:59:30.504393,-0.25580596923828125,-0.7335405349731445,1.061291217803955
2023-10-18 01:59:30.604995,0.9066977500915527,-3.0444869995117188,7.186861038208008
2023-10-18 01:59:30.705598,2.5370473861694336,-3.1113486289978027,5.3490095138549805
2023-10-18 01:59:30.806201,1.9316908121109009,-4.9496917724609375,4.348513603210449
2023-10-18 01:59:30.906804,1.2157723903656006,-4.081977844238281,1.2691924571990967
2023-10-18 01:59:31.007407,-1.8105354309082031,-3.3069510459899902,-2.976830005645752
2023-10-18 01:59:31.108010,-1.698918342590332,-2.3540701866149902,-2.3549020290374756
2023-10-18 01:59:31.208612,-0.18506956100463867,-0.5309925079345703,-0.1017303466796875
2023-10-18 01:59:31.309215,-0.36979007720947266,-0.6960225105285645,-1.4198142290115356
2023-10-18 01:59:31.409818,-0.6178464889526367,-0.7783246040344238,-0.9801774024963379
2023-10-18 01:59:31.510421,-0.9456887245178223,-0.11854743957519531,-1.1101685762405396
2023-10-18 01:59:31.611024,-0.8306169509887695,0.25738525390625,-0.09777593612670898
2023-10-18 01:59:31.711626,-0.09872102737426758,-0.6257209777832031,-0.5122119188308716
2023-10-18 01:59:31.812229,-0.5055618286132812,-1.6328644752502441,1.1836769580841064
2023-10-18 01:59:31.912832,-1.4442214965820312,-0.8391628265380859,0.22837817668914795
2023-10-18 01:59:32.013434,-0.02234649658203125,-0.6328573226928711,-0.08114099502563477
2023-10-18 01:59:32.114037,-1.3086471557617188,-1.4969377517700195,0.07531213760375977
2023-10-18 01:59:32.214639,-1.1807117462158203,-0.9997968673706055,-0.010765433311462402
2023-10-18 01:59:32.315242,-1.11421537399292,-0.29704856872558594,0.19104743003845215
2023-10-18 01:59:32.415845,-0.8701167106628418,0.2774667739868164,-0.5199680328369141
2023-10-18 01:59:32.516447,-0.37848520278930664,0.29814910888671875,0.3830723762512207
2023-10-18 01:59:32.617050,1.551302194595337,-0.4741530418395996,-1.1424506902694702
2023-10-18 01:59:32.717653,-0.6277270317077637,-1.0860967636108398,-1.838273286819458
2023-10-18 01:59:32.818255,-1.9753892421722412,-2.947415828704834,-2.549257516860962
2023-10-18 01:59:32.918858,-4.4356536865234375,-4.099705696105957,-3.3721251487731934
2023-10-18 01:59:33.019460,-3.666611909866333,-3.449765682220459,-3.6960930824279785
2023-10-18 01:59:33.120063,-0.9362017512321472,-0.4996504783630371,-1.3473210334777832
2023-10-18 01:59:33.220665,-0.8602162003517151,0.9540762901306152,-2.109086513519287
2023-10-18 01:59:33.321268,1.1517674922943115,0.6690654754638672,3.1389832496643066
2023-10-18 01:59:33.421871,2.974310874938965,0.874046802520752,4.551151275634766
2023-10-18 01:59:33.522473,0.21704232692718506,0.831397533416748,-1.4472389221191406
2023-10-18 01:59:33.623076,-1.9517996311187744,1.2262747287750244,-1.5683212280273438
2023-10-18 01:59:33.723679,0.015819907188415527,0.4878976345062256,-0.08367061614990234
2023-10-18 01:59:33.824281,2.7307186126708984,-0.10413694381713867,-1.9061145782470703
2023-10-18 01:59:33.924884,3.384408950805664,-1.7923829555511475,2.4629592895507812
2023-10-18 01:59:34.025486,1.6447155475616455,-1.5595042705535889,3.855971336364746
2023-10-18 01:59:34.126089,0.7795681953430176,0.38193440437316895,1.3040070533752441
2023-10-18 01:59:34.226691,-0.08444976806640625,-2.277590751647949,2.6040797233581543
2023-10-18 01:59:34.327294,1.9929394721984863,-1.6683380603790283,2.5975685119628906
2023-10-18 01:59:34.427896,4.404043674468994,-1.7978111505508423,1.7677533626556396
2023-10-18 01:59:34.528499,1.4152188301086426,-0.07009530067443848,-0.8232519626617432
2023-10-18 01:59:34.629102,-1.9168610572814941,0.875950813293457,-1.1057350635528564
2023-10-18 01:59:34.729704,-4.745062351226807,1.2473058700561523,-0.7398847341537476
2023-10-18 01:59:34.830307,-4.847792625427246,0.5628628730773926,0.2772218585014343
2023-10-18 01:59:34.930910,-3.220770835876465,0.025150775909423828,2.105621337890625
2023-10-18 01:59:35.031512,-1.2512226104736328,-0.13416528701782227,3.066084384918213
2023-10-18 01:59:35.132115,-0.16248607635498047,-1.0138604640960693,-0.35857123136520386
2023-10-18 01:59:35.232718,1.2979860305786133,-1.2845995426177979,0.26459887623786926
2023-10-18 01:59:35.333320,-1.3225688934326172,-3.603299140930176,-2.899369478225708
2023-10-18 01:59:35.433923,1.1650075912475586,-0.1719956398010254,-0.4259672164916992
2023-10-18 01:59:35.534525,3.334794521331787,1.6000885963439941,0.3638879656791687
2023-10-18 01:59:35.635128,-2.515261650085449,0.7547407150268555,-1.0019928216934204
2023-10-18 01:59:35.735730,-1.8112483024597168,1.8103246688842773,-0.21315383911132812
2023-10-18 01:59:35.836333,-2.3880107402801514,-1.003922462463379,-0.9216543436050415
2023-10-18 01:59:35.936936,-3.4735605716705322,-0.3076000213623047,-0.4885031580924988
2023-10-18 01:59:36.037538,-1.461667537689209,-0.7855434417724609,-0.4931625425815582
2023-10-18 01:59:36.138141,-1.8749499320983887,0.40301513671875,0.3916500508785248
2023-10-18 01:59:36.238744,0.056504249572753906,-2.9408950805664062,0.5627459287643433
2023-10-18 01:59:36.339346,0.948082685470581,-1.0504426956176758,-0.9787236452102661
2023-10-18 01:59:36.439949,0.017913341522216797,-0.8844308853149414,-1.168289303779602
2023-10-18 01:59:36.540551,-0.13285565376281738,-0.045238494873046875,-1.61012864112854
2023-10-18 01:59:36.641154,1.6257151365280151,1.1295528411865234,-0.7337971925735474
2023-10-18 01:59:36.741757,1.4425486326217651,0.47388267517089844,0.9974803924560547
2023-10-18 01:59:36.842359,-0.13225078582763672,-0.7414026260375977,1.4661636352539062
2023-10-18 01:59:36.942962,-2.924621105194092,-1.0710744857788086,1.683802604675293
2023-10-18 01:59:37.043565,-0.045734405517578125,-2.6184635162353516,0.8729251623153687
2023-10-18 01:59:37.144167,2.147150993347168,1.3019084930419922,-0.585456371307373
2023-10-18 01:59:37.244770,0.5558722019195557,-0.9054059982299805,-0.043480515480041504
2023-10-18 01:59:37.345372,-0.06563591957092285,-0.3876304626464844,-0.2861531972885132
2023-10-18 01:59:37.445975,-1.2483301162719727,0.36300182342529297,0.05759000778198242
2023-10-18 01:59:37.546577,-1.236260175704956,0.21928977966308594,0.9934998750686646
2023-10-18 01:59:37.647180,-1.4952514171600342,0.34392738342285156,0.6933633089065552
2023-10-18 01:59:37.747783,-2.073444128036499,0.12181472778320312,0.27324438095092773
2023-10-18 01:59:37.848385,-2.700937271118164,-2.7335100173950195,-0.0027667582035064697
2023-10-18 01:59:37.948988,1.0618302822113037,-1.9606561660766602,-1.644400954246521
2023-10-18 01:59:38.049591,2.935187816619873,-2.981734275817871,-1.7567998170852661
2023-10-18 01:59:38.150194,2.969136953353882,0.20457744598388672,-1.8799617290496826
2023-10-18 01:59:38.250797,2.8621139526367188,1.3394269943237305,-1.0000280141830444
2023-10-18 01:59:38.351399,1.0900123119354248,0.49553680419921875,0.4679402709007263
2023-10-18 01:59:38.452002,-4.4107985496521,-1.6266412734985352,3.3357417583465576
2023-10-18 01:59:38.552605,-1.2122840881347656,-1.614823341369629,0.9100936651229858
2023-10-18 01:59:38.653208,2.3623132705688477,0.6384410858154297,-1.5719865560531616
2023-10-18 01:59:38.753811,1.2851309776306152,-1.4217071533203125,-0.2975301742553711
2023-10-18 01:59:38.854414,1.1926872730255127,0.005944252014160156,-0.10745978355407715
2023-10-18 01:59:38.955016,-1.0747795104980469,0.2427196502685547,0.1257929801940918
2023-10-18 01:59:39.055619,-0.7370517253875732,0.6493215560913086,1.383575201034546
2023-10-18 01:59:39.156222,-1.9550621509552002,1.114593505859375,-0.10458362102508545
2023-10-18 01:59:39.256825,-2.3396902084350586,-0.17599964141845703,-1.375511646270752
2023-10-18 01:59:39.357428,0.42498350143432617,-4.435341835021973,2.9543514251708984
2023-10-18 01:59:39.458031,3.105546236038208,-2.7113537788391113,-1.4664496183395386
2023-10-18 01:59:39.558634,3.540593147277832,-2.0280089378356934,-0.8674429655075073
2023-10-18 01:59:39.659237,1.6189861297607422,1.6097702980041504,-0.8041630983352661
2023-10-18 01:59:39.759840,3.115764856338501,0.9672765731811523,1.0552946329116821
2023-10-18 01:59:39.860442,-3.402285099029541,-0.5691919326782227,1.8749933242797852
2023-10-18 01:59:39.961045,-5.257031440734863,1.963181495666504,0.49314287304878235
2023-10-18 01:59:40.061648,1.270575761795044,-2.506875991821289,0.8895096182823181
2023-10-18 01:59:40.162251,3.505995988845825,-0.3912525177001953,-0.3111228346824646
2023-10-18 01:59:40.262853,2.1693615913391113,-0.4369049072265625,-0.6128180027008057
2023-10-18 01:59:40.363456,-0.841303825378418,-0.18742656707763672,0.17820215225219727
2023-10-18 01:59:40.464058,-1.6968731880187988,0.9115581512451172,0.6237403154373169
2023-10-18 01:59:40.564661,-2.1074657440185547,1.2199411392211914,1.2127410173416138
2023-10-18 01:59:40.665264,-1.5771708488464355,0.6729574203491211,-0.1052929162979126
2023-10-18 01:59:40.765866,-1.3415555953979492,-3.153165817260742,2.4112000465393066
2023-10-18 01:59:40.866469,2.2635293006896973,-3.1273674964904785,-0.6986004114151001
2023-10-18 01:59:40.967072,3.625319242477417,-3.05149507522583,-0.7567541599273682